{"cameraMode":{"drawMode":0,"name":"Shaded","section":"Shading Mode"},"sceneLighting":true,"audioPlay":false,"sceneViewState":{"showFog":true,"showMaterialUpdate":false,"showSkybox":true,"showFlares":true,"showImageEffects":true,"showParticleSystems":true},"in2DMode":false,"pivot":{"x":198.3663787841797,"y":190.03607177734376,"z":-2.3858089447021486},"rotation":{"x":-0.010809379629790783,"y":-0.0039024462457746269,"z":0.000042267882236046717,"w":-0.9999340176582336},"size":414.2763366699219,"orthographic":false}