{"cameraMode":{"drawMode":0,"name":"Shaded","section":"Shading Mode"},"sceneLighting":true,"audioPlay":false,"sceneViewState":{"showFog":true,"showMaterialUpdate":false,"showSkybox":true,"showFlares":true,"showImageEffects":true,"showParticleSystems":true},"in2DMode":false,"pivot":{"x":287.4993896484375,"y":446.17523193359377,"z":549.72412109375},"rotation":{"x":0.0007835431606508791,"y":-0.8600121736526489,"z":0.5102711915969849,"w":0.0013458139728754759},"size":236.078125,"orthographic":false}